ddr,peak_gbs,lm_head,eff,pos,tok_s
DDR3-1600 x32,6.4,W4,0.8,1024,5.4
DDR3-1600 x32,6.4,W4,0.85,1024,5.74
DDR3-1600 x32,6.4,W4,0.9,1024,6.08
DDR3-1600 x32,6.4,W4,0.93,1024,6.28
DDR3-1600 x32,6.4,W8,0.8,1024,4.64
DDR3-1600 x32,6.4,W8,0.85,1024,4.93
DDR3-1600 x32,6.4,W8,0.9,1024,5.22
DDR3-1600 x32,6.4,W8,0.93,1024,5.39
DDR4-2133 x32,8.533,W4,0.8,1024,7.2
DDR4-2133 x32,8.533,W4,0.85,1024,7.65
DDR4-2133 x32,8.533,W4,0.9,1024,8.1
DDR4-2133 x32,8.533,W4,0.93,1024,8.37
DDR4-2133 x32,8.533,W8,0.8,1024,6.19
DDR4-2133 x32,8.533,W8,0.85,1024,6.57
DDR4-2133 x32,8.533,W8,0.9,1024,6.96
DDR4-2133 x32,8.533,W8,0.93,1024,7.19
DDR4-2400 x32,9.6,W4,0.8,1024,8.1
DDR4-2400 x32,9.6,W4,0.85,1024,8.61
DDR4-2400 x32,9.6,W4,0.9,1024,9.11
DDR4-2400 x32,9.6,W4,0.93,1024,9.42
DDR4-2400 x32,9.6,W8,0.8,1024,6.96
DDR4-2400 x32,9.6,W8,0.85,1024,7.39
DDR4-2400 x32,9.6,W8,0.9,1024,7.83
DDR4-2400 x32,9.6,W8,0.93,1024,8.09
LPDDR4-3200 x32,12.8,W4,0.8,1024,10.8
LPDDR4-3200 x32,12.8,W4,0.85,1024,11.47
LPDDR4-3200 x32,12.8,W4,0.9,1024,12.15
LPDDR4-3200 x32,12.8,W4,0.93,1024,12.55
LPDDR4-3200 x32,12.8,W8,0.8,1024,9.28
LPDDR4-3200 x32,12.8,W8,0.85,1024,9.86
LPDDR4-3200 x32,12.8,W8,0.9,1024,10.44
LPDDR4-3200 x32,12.8,W8,0.93,1024,10.78
LPDDR4X-4266 x32,17.064,W4,0.8,1024,13.89
LPDDR4X-4266 x32,17.064,W4,0.85,1024,13.89
LPDDR4X-4266 x32,17.064,W4,0.9,1024,13.89
LPDDR4X-4266 x32,17.064,W4,0.93,1024,13.89
LPDDR4X-4266 x32,17.064,W8,0.8,1024,12.05
LPDDR4X-4266 x32,17.064,W8,0.85,1024,12.25
LPDDR4X-4266 x32,17.064,W8,0.9,1024,12.44
LPDDR4X-4266 x32,17.064,W8,0.93,1024,12.54
KV260 DDR4-2400 x64 (对照),19.2,W4,0.8,1024,16.19
KV260 DDR4-2400 x64 (对照),19.2,W4,0.85,1024,17.2
KV260 DDR4-2400 x64 (对照),19.2,W4,0.9,1024,18.21
KV260 DDR4-2400 x64 (对照),19.2,W4,0.93,1024,18.81
KV260 DDR4-2400 x64 (对照),19.2,W8,0.8,1024,13.91
KV260 DDR4-2400 x64 (对照),19.2,W8,0.85,1024,14.78
KV260 DDR4-2400 x64 (对照),19.2,W8,0.9,1024,15.64
KV260 DDR4-2400 x64 (对照),19.2,W8,0.93,1024,16.16
